{
  "epoch": 10,
  "train_losses": [
    2.0607214911778766,
    1.4560313892364503,
    1.320092692375183,
    1.2313538853327433,
    1.2017428159713746,
    1.1429148062070211,
    1.1066919390360515,
    1.0616878795623779,
    1.0446559675534566,
    1.016793545881907
  ],
  "val_losses": [
    1.586916727178237,
    1.363215074819677,
    1.2842602940166699,
    1.206173854715684,
    1.2566791772842407,
    1.1429099756128647,
    1.144055310417624,
    1.1562494284966414,
    1.1240887606845182,
    1.0955087051672094
  ],
  "train_accs": [
    44.16180150125104,
    65.80483736447039,
    70.51709758131777,
    74.56213511259382,
    75.68807339449542,
    78.27356130108424,
    78.85738115095913,
    80.94245204336947,
    81.73477898248541,
    83.73644703919933
  ],
  "val_accs": [
    57.782101167315176,
    69.26070038910505,
    70.42801556420234,
    71.01167315175097,
    69.45525291828794,
    74.90272373540856,
    73.5408560311284,
    75.68093385214007,
    74.90272373540856,
    77.43190661478599
  ],
  "best_val_acc": 77.43190661478599,
  "best_val_loss": 1.0955087051672094
}