{
  "epoch": 50,
  "train_losses": [
    1.582938260354173,
    1.1670213738759867,
    1.0582538653676883,
    1.016262139946508,
    0.9599034288249457,
    0.9458065715651162,
    0.9391553791376729,
    0.922082568509891,
    0.9053678327855973,
    0.9094810744824882,
    0.8743030057547573,
    0.8752632742872635,
    0.8837903973203116,
    0.859783010551343,
    0.8663344816468395,
    0.8550183083683538,
    0.8483247506542327,
    0.8560382327713525,
    0.8367891420190707,
    0.8409071028613435,
    0.8406492562149279,
    0.8384690577039322,
    0.8304645155374997,
    0.8234230744572112,
    0.8207974469128508,
    0.8211212053466529,
    0.822444036079291,
    0.813596284522797,
    0.8101301917824121,
    0.8182553742259455,
    0.8129253987782299,
    0.806801411100089,
    0.8078730173956472,
    0.8028064366346731,
    0.7989596821629582,
    0.7957654937673301,
    0.792573518836841,
    0.8058849786417172,
    0.8023857519078178,
    0.7780694713036473,
    0.7643583375996295,
    0.7716141379298493,
    0.7696026191353417,
    0.7603927130897206,
    0.7624689508169985,
    0.7609535060561122,
    0.7644718645479732,
    0.7643595396901091,
    0.7615796408523767,
    0.7616461319283555
  ],
  "val_losses": [
    1.3632550497553242,
    1.2358816532946344,
    1.176942614921883,
    1.1325131868248555,
    1.0795896191205552,
    1.103344279883513,
    1.1186803641603953,
    1.036307229479747,
    1.0649488092358432,
    1.035247212915278,
    1.0467786811180968,
    1.0242676476934063,
    1.0127523505865639,
    1.0166498662820502,
    1.0035715045324012,
    1.000612381234098,
    1.0028104995613667,
    0.9900547025808647,
    0.9934342645887119,
    0.9887864571898731,
    0.9867325162709649,
    1.0116946376971345,
    0.9880225378185955,
    0.9790312318659541,
    0.9677790301059609,
    1.001165323737842,
    0.9850299518499801,
    0.9568550164130196,
    0.989380200852209,
    0.9693593431764574,
    0.9622388575504075,
    0.9806637216859789,
    0.9613815412592532,
    0.9943472213709532,
    0.9650543647915569,
    0.9575383494149393,
    0.9645602578547463,
    0.9658744940117224,
    0.9630318515336336,
    0.9321912024448167,
    0.9332469608356704,
    0.9399183543760385,
    0.9391138500242091,
    0.9360068951969716,
    0.9444331081945505,
    0.9304825957141706,
    0.9443306771676931,
    0.9367159164663571,
    0.942125082460802,
    0.9308733713271012
  ],
  "train_accs": [
    58.907054647267636,
    77.07114644267787,
    81.78091095445228,
    82.82085895705215,
    86.08069596520174,
    86.89065546722664,
    87.03564821758913,
    87.71061446927654,
    89.75551222438878,
    89.41552922353883,
    91.06044697765111,
    91.2104394780261,
    90.71546422678865,
    92.37538123093846,
    92.23538823058847,
    92.54537273136343,
    93.18034098295085,
    92.99535023248838,
    93.67031648417579,
    93.6103194840258,
    93.79531023448827,
    94.13029348532574,
    93.91530423478827,
    94.3752812359382,
    94.62526873656317,
    94.54527273636319,
    94.70026498675067,
    95.13524323783811,
    95.34023298835058,
    94.96525173741313,
    94.4052797360132,
    95.31523423828808,
    95.64521773911305,
    95.54522273886306,
    96.03019849007549,
    96.03019849007549,
    96.0501974901255,
    96.17019149042548,
    96.09019549022548,
    97.11014449277536,
    97.35013249337533,
    97.5051247437628,
    97.39513024348783,
    97.72511374431278,
    97.5501224938753,
    97.5451227438628,
    97.77011149442528,
    97.81010949452528,
    97.87510624468777,
    97.89510524473776
  ],
  "val_accs": [
    72.86514232384508,
    74.47503499766682,
    79.5380307979468,
    82.3845076994867,
    84.99766682221185,
    83.71441903873075,
    84.15772281847877,
    88.10079328044797,
    86.5142323845077,
    88.35744283714419,
    88.7074195053663,
    88.05412972468503,
    90.03733084461037,
    90.10732617825478,
    90.90060662622491,
    90.99393373775082,
    90.76061595893607,
    91.29724685020999,
    91.48390107326178,
    89.85067662155856,
    91.04059729351377,
    91.57722818478769,
    91.97386840877274,
    92.34717685487634,
    90.57396173588427,
    90.94727018198786,
    91.97386840877274,
    93.72375174988333,
    91.69388707419505,
    92.90713952403173,
    93.18712085860943,
    92.97713485767615,
    92.58049463369109,
    92.25384974335044,
    93.3037797480168,
    94.14372375174989,
    93.32711152589827,
    93.32711152589827,
    93.3971068595427,
    94.75034997666822,
    95.03033131124592,
    94.96033597760149,
    94.65702286514232,
    94.65702286514232,
    94.16705552963136,
    95.14699020065329,
    94.72701819878675,
    94.98366775548297,
    94.84367708819413,
    94.82034531031265
  ],
  "best_val_acc": 95.14699020065329,
  "best_val_loss": 0.9304825957141706,
  "model_config": {
    "input_size": 78,
    "hidden_size": 128,
    "num_layers": 2,
    "dropout": 0.3,
    "bidirectional": true,
    "num_classes": 22,
    "sequence_length": 24,
    "stride": 2
  },
  "training_config": {
    "batch_size": 32,
    "learning_rate": 0.001,
    "weight_decay": 1e-05,
    "label_smoothing": 0.1,
    "short_movement_classes": [
      6,
      12,
      14,
      17
    ],
    "short_movement_weight_multiplier": 3.0
  },
  "num_classes": 22
}