{
  "epoch": 5,
  "train_losses": [
    1.5780993763499966,
    1.1604050039848353,
    1.0388543072238738,
    0.9752016861902894,
    0.9425883459767168
  ],
  "val_losses": [
    1.3369926029397536,
    1.1865538742191108,
    1.1120541336000427,
    1.0646163858184519,
    1.0619566131007763
  ],
  "train_accs": [
    57.293835901707624,
    76.2911286963765,
    81.15368596418159,
    83.8765097875885,
    85.49042065805914
  ],
  "val_accs": [
    72.71622934888241,
    79.93197278911565,
    80.5150631681244,
    83.6491739552964,
    82.04567541302235
  ],
  "best_val_acc": 83.6491739552964,
  "best_val_loss": 1.0646163858184519,
  "model_config": {
    "input_size": 78,
    "hidden_size": 128,
    "num_layers": 2,
    "dropout": 0.3,
    "bidirectional": true,
    "num_classes": 22,
    "sequence_length": 24,
    "stride": 2
  },
  "training_config": {
    "batch_size": 32,
    "learning_rate": 0.001,
    "weight_decay": 1e-05,
    "label_smoothing": 0.1,
    "short_movement_classes": [
      6,
      12,
      14,
      17
    ],
    "short_movement_weight_multiplier": 3.0
  },
  "num_classes": 22
}