{
  "epoch": 50,
  "train_losses": [
    1.8683195599538838,
    1.3431334359917098,
    1.2297308830443971,
    1.1652230513310005,
    1.123665654016826,
    1.0864024893966264,
    1.0486458618483858,
    0.9877236224934013,
    0.9554475770739024,
    0.9374471217572332,
    0.8928308387002545,
    0.8720833655602918,
    0.8624341673479823,
    0.843499076937487,
    0.8137543376334413,
    0.7962790088739223,
    0.779628274683467,
    0.7633350370172969,
    0.7717324406087042,
    0.7531165480613708,
    0.7499563462006118,
    0.7480702189628236,
    0.7328020359227757,
    0.7371774019595392,
    0.713157215875066,
    0.6947419714784908,
    0.6997897400113637,
    0.6988977607852684,
    0.699826638141792,
    0.6922853421308324,
    0.6989251660729596,
    0.7074962001360819,
    0.6781021306614676,
    0.6832273427597777,
    0.694623861484185,
    0.6999656889966862,
    0.6996301830171825,
    0.6928006535518669,
    0.693869808119928,
    0.6696449960777145,
    0.6694441162897441,
    0.6569762119276081,
    0.6727468881778375,
    0.6656304348014785,
    0.6814494596983858,
    0.6789931066021948,
    0.6513999903987268,
    0.6415252143037533,
    0.6484394430400369,
    0.6370821056251754
  ],
  "val_losses": [
    1.4451502793365054,
    1.2885952326986525,
    1.2431579679250717,
    1.1691686345471277,
    1.1657316039005916,
    1.1134754452440474,
    1.0940008511145909,
    1.0537252806954913,
    1.046403439508544,
    1.0084170781903796,
    0.9878646698262956,
    0.9599704245726267,
    0.9741895910766389,
    0.9436347468031777,
    0.8964090032709969,
    0.9367348535193337,
    0.9296559128496382,
    0.8929103828138776,
    0.8978015465868844,
    0.933201531569163,
    0.8801859087414212,
    0.9004568590058221,
    0.8687690993150076,
    0.8757097340292401,
    0.8625312530332141,
    0.8472856548097398,
    0.8768122096856436,
    0.9088751259777281,
    0.8749919533729553,
    0.8812331375148561,
    0.8640459047423469,
    0.8403308060434129,
    0.8501162098513709,
    0.8503250281016032,
    0.8355501956409879,
    0.893468502495024,
    0.8376407888200548,
    0.8450829750961728,
    0.8457469162013795,
    0.8407351341512468,
    0.8543464210298326,
    0.850838280386395,
    0.8776710960600111,
    0.8667169279522366,
    0.9184111820326911,
    0.8681847751140594,
    0.848716547091802,
    0.8687287138568031,
    0.8483307229148017,
    0.8089652823077308
  ],
  "train_accs": [
    49.971852129855506,
    68.98104710076937,
    73.61606305122912,
    75.73653593544755,
    78.62638393694877,
    81.00957027584913,
    81.94783261399887,
    84.66879339463314,
    86.18877838243573,
    86.86432726590354,
    89.05986113717395,
    89.52899230624882,
    90.67367235879152,
    91.57440420341527,
    92.45637080127604,
    93.30080690561081,
    94.31413023081254,
    94.4454869581535,
    94.48301745167949,
    95.47757553011822,
    95.27115781572527,
    95.04597485456934,
    95.9279414524301,
    96.07806342653406,
    96.97879527115782,
    97.4103959467067,
    97.46669168699569,
    97.65434415462563,
    97.54175267404766,
    97.69187464815163,
    97.29780446612872,
    97.18521298555076,
    98.34865828485644,
    98.08594483017451,
    97.57928316757365,
    97.59804841433665,
    97.29780446612872,
    98.02964908988554,
    97.72940514167762,
    98.49878025896041,
    98.5550759992494,
    98.96791142803528,
    98.32989303809345,
    98.63013698630137,
    98.08594483017451,
    98.08594483017451,
    99.17432914242822,
    99.53086883092513,
    99.15556389566522,
    99.51210358416213
  ],
  "val_accs": [
    63.74781085814361,
    69.78984238178634,
    71.71628721541155,
    75.91943957968476,
    74.86865148861646,
    78.89667250437829,
    79.42206654991243,
    80.64798598949211,
    81.61120840630473,
    83.36252189141857,
    83.45008756567425,
    84.58844133099825,
    83.97548161120841,
    85.55166374781086,
    86.51488616462346,
    86.1646234676007,
    85.90192644483362,
    88.17863397548162,
    87.39054290718039,
    87.215411558669,
    88.79159369527146,
    87.65323992994746,
    89.66725043782837,
    88.70402802101576,
    90.01751313485114,
    90.10507880910683,
    89.66725043782837,
    88.17863397548162,
    89.4045534150613,
    89.66725043782837,
    90.19264448336253,
    90.19264448336253,
    89.92994746059544,
    90.3677758318739,
    90.54290718038528,
    89.05429071803853,
    91.33099824868651,
    90.4553415061296,
    90.01751313485114,
    90.4553415061296,
    90.54290718038528,
    90.54290718038528,
    89.14185639229422,
    90.54290718038528,
    87.91593695271453,
    89.75481611208406,
    91.06830122591944,
    89.92994746059544,
    90.63047285464098,
    92.20665499124344
  ],
  "best_val_acc": 92.20665499124344,
  "best_val_loss": 0.8089652823077308
}