{
  "epoch": 35,
  "train_losses": [
    1.5780993763499966,
    1.1604050039848353,
    1.0388543072238738,
    0.9752016861902894,
    0.9425883459767168,
    0.9328852384141995,
    0.9101355262286651,
    0.8996056826063084,
    0.8742764149846729,
    0.8736953267241873,
    0.8539039573931257,
    0.858514841007512,
    0.8661977625924616,
    0.8490102478549405,
    0.8376871426767993,
    0.836771833519769,
    0.8473521678300944,
    0.8272953124688984,
    0.8204979415542869,
    0.8203950002665528,
    0.8341380563036178,
    0.8102222010617248,
    0.8172887385189037,
    0.8130878238828726,
    0.8121033807760863,
    0.8110521683677064,
    0.7949686703983441,
    0.7978898782698366,
    0.809773435806871,
    0.7936777879116738,
    0.800780808965299,
    0.7886873318034282,
    0.7989561290986923,
    0.7971410461749491,
    0.7794197849346675
  ],
  "val_losses": [
    1.3369926029397536,
    1.1865538742191108,
    1.1120541336000427,
    1.0646163858184519,
    1.0619566131007763,
    1.0269409847813984,
    1.0018000866091528,
    1.013701712900354,
    0.9893490621285845,
    0.993358059446941,
    1.0148860299310019,
    0.9913526625596276,
    0.9852283532305282,
    0.9548246176667916,
    0.9765469011410263,
    0.9745442788730296,
    0.959769277609596,
    0.9577759661415751,
    0.978130324404369,
    0.9571695715882057,
    0.9557325710621916,
    0.9912917475367702,
    0.965617553670277,
    0.9402521280355232,
    0.9522384146387263,
    0.9555072220720986,
    0.9496648829112682,
    0.944536217885424,
    0.9442235291466232,
    0.9265267183614332,
    0.9383550923924113,
    0.9324476825174435,
    0.9221223625101784,
    0.9406156105588573,
    0.9305272162422653
  ],
  "train_accs": [
    57.293835901707624,
    76.2911286963765,
    81.15368596418159,
    83.8765097875885,
    85.49042065805914,
    86.52124114952103,
    87.25010412328197,
    88.0414410662224,
    89.67097042898793,
    89.83236151603498,
    90.13952519783423,
    90.78508954602249,
    90.65493544356518,
    91.15993336109955,
    91.8783840066639,
    92.28967097042899,
    92.10745522698875,
    92.753019575177,
    92.99250312369846,
    93.11224489795919,
    92.92482299042065,
    94.21595168679717,
    93.57038733860891,
    94.23157017909205,
    94.23677634319034,
    94.14306538942107,
    94.98125780924615,
    95.11661807580175,
    94.61162015826739,
    95.16867971678467,
    94.746980424823,
    95.37172011661808,
    94.91357767596834,
    95.68929612661391,
    95.77259475218659
  ],
  "val_accs": [
    72.71622934888241,
    79.93197278911565,
    80.5150631681244,
    83.6491739552964,
    82.04567541302235,
    84.7910592808552,
    87.07482993197279,
    86.88046647230321,
    87.77939747327503,
    87.26919339164237,
    88.022351797862,
    89.067055393586,
    89.91739552964043,
    89.23712342079689,
    90.3061224489796,
    88.28960155490768,
    90.47619047619048,
    89.62585034013605,
    89.57725947521865,
    91.22934888241011,
    90.74344023323616,
    89.94169096209913,
    90.1846452866861,
    92.05539358600583,
    91.81243926141886,
    92.4198250728863,
    91.98250728862973,
    91.64237123420797,
    92.54130223517978,
    93.27016520894072,
    93.5131195335277,
    91.76384839650146,
    93.61030126336249,
    92.97862001943635,
    92.78425655976676
  ],
  "best_val_acc": 93.61030126336249,
  "best_val_loss": 0.9221223625101784,
  "model_config": {
    "input_size": 78,
    "hidden_size": 128,
    "num_layers": 2,
    "dropout": 0.3,
    "bidirectional": true,
    "num_classes": 22,
    "sequence_length": 24,
    "stride": 2
  },
  "training_config": {
    "batch_size": 32,
    "learning_rate": 0.001,
    "weight_decay": 1e-05,
    "label_smoothing": 0.1,
    "short_movement_classes": [
      6,
      12,
      14,
      17
    ],
    "short_movement_weight_multiplier": 3.0
  },
  "num_classes": 22
}