{
  "epoch": 5,
  "train_losses": [
    1.8683195599538838,
    1.3431334359917098,
    1.2297308830443971,
    1.1652230513310005,
    1.123665654016826
  ],
  "val_losses": [
    1.4451502793365054,
    1.2885952326986525,
    1.2431579679250717,
    1.1691686345471277,
    1.1657316039005916
  ],
  "train_accs": [
    49.971852129855506,
    68.98104710076937,
    73.61606305122912,
    75.73653593544755,
    78.62638393694877
  ],
  "val_accs": [
    63.74781085814361,
    69.78984238178634,
    71.71628721541155,
    75.91943957968476,
    74.86865148861646
  ],
  "best_val_acc": 75.91943957968476,
  "best_val_loss": 1.1691686345471277
}