{
  "epoch": 15,
  "train_losses": [
    1.8683195599538838,
    1.3431334359917098,
    1.2297308830443971,
    1.1652230513310005,
    1.123665654016826,
    1.0864024893966264,
    1.0486458618483858,
    0.9877236224934013,
    0.9554475770739024,
    0.9374471217572332,
    0.8928308387002545,
    0.8720833655602918,
    0.8624341673479823,
    0.843499076937487,
    0.8137543376334413
  ],
  "val_losses": [
    1.4451502793365054,
    1.2885952326986525,
    1.2431579679250717,
    1.1691686345471277,
    1.1657316039005916,
    1.1134754452440474,
    1.0940008511145909,
    1.0537252806954913,
    1.046403439508544,
    1.0084170781903796,
    0.9878646698262956,
    0.9599704245726267,
    0.9741895910766389,
    0.9436347468031777,
    0.8964090032709969
  ],
  "train_accs": [
    49.971852129855506,
    68.98104710076937,
    73.61606305122912,
    75.73653593544755,
    78.62638393694877,
    81.00957027584913,
    81.94783261399887,
    84.66879339463314,
    86.18877838243573,
    86.86432726590354,
    89.05986113717395,
    89.52899230624882,
    90.67367235879152,
    91.57440420341527,
    92.45637080127604
  ],
  "val_accs": [
    63.74781085814361,
    69.78984238178634,
    71.71628721541155,
    75.91943957968476,
    74.86865148861646,
    78.89667250437829,
    79.42206654991243,
    80.64798598949211,
    81.61120840630473,
    83.36252189141857,
    83.45008756567425,
    84.58844133099825,
    83.97548161120841,
    85.55166374781086,
    86.51488616462346
  ],
  "best_val_acc": 86.51488616462346,
  "best_val_loss": 0.8964090032709969
}