{
  "epoch": 5,
  "train_losses": [
    2.0607214911778766,
    1.4560313892364503,
    1.320092692375183,
    1.2313538853327433,
    1.2017428159713746
  ],
  "val_losses": [
    1.586916727178237,
    1.363215074819677,
    1.2842602940166699,
    1.206173854715684,
    1.2566791772842407
  ],
  "train_accs": [
    44.16180150125104,
    65.80483736447039,
    70.51709758131777,
    74.56213511259382,
    75.68807339449542
  ],
  "val_accs": [
    57.782101167315176,
    69.26070038910505,
    70.42801556420234,
    71.01167315175097,
    69.45525291828794
  ],
  "best_val_acc": 71.01167315175097,
  "best_val_loss": 1.206173854715684
}