{
  "epoch": 25,
  "train_losses": [
    1.8683195599538838,
    1.3431334359917098,
    1.2297308830443971,
    1.1652230513310005,
    1.123665654016826,
    1.0864024893966264,
    1.0486458618483858,
    0.9877236224934013,
    0.9554475770739024,
    0.9374471217572332,
    0.8928308387002545,
    0.8720833655602918,
    0.8624341673479823,
    0.843499076937487,
    0.8137543376334413,
    0.7962790088739223,
    0.779628274683467,
    0.7633350370172969,
    0.7717324406087042,
    0.7531165480613708,
    0.7499563462006118,
    0.7480702189628236,
    0.7328020359227757,
    0.7371774019595392,
    0.713157215875066
  ],
  "val_losses": [
    1.4451502793365054,
    1.2885952326986525,
    1.2431579679250717,
    1.1691686345471277,
    1.1657316039005916,
    1.1134754452440474,
    1.0940008511145909,
    1.0537252806954913,
    1.046403439508544,
    1.0084170781903796,
    0.9878646698262956,
    0.9599704245726267,
    0.9741895910766389,
    0.9436347468031777,
    0.8964090032709969,
    0.9367348535193337,
    0.9296559128496382,
    0.8929103828138776,
    0.8978015465868844,
    0.933201531569163,
    0.8801859087414212,
    0.9004568590058221,
    0.8687690993150076,
    0.8757097340292401,
    0.8625312530332141
  ],
  "train_accs": [
    49.971852129855506,
    68.98104710076937,
    73.61606305122912,
    75.73653593544755,
    78.62638393694877,
    81.00957027584913,
    81.94783261399887,
    84.66879339463314,
    86.18877838243573,
    86.86432726590354,
    89.05986113717395,
    89.52899230624882,
    90.67367235879152,
    91.57440420341527,
    92.45637080127604,
    93.30080690561081,
    94.31413023081254,
    94.4454869581535,
    94.48301745167949,
    95.47757553011822,
    95.27115781572527,
    95.04597485456934,
    95.9279414524301,
    96.07806342653406,
    96.97879527115782
  ],
  "val_accs": [
    63.74781085814361,
    69.78984238178634,
    71.71628721541155,
    75.91943957968476,
    74.86865148861646,
    78.89667250437829,
    79.42206654991243,
    80.64798598949211,
    81.61120840630473,
    83.36252189141857,
    83.45008756567425,
    84.58844133099825,
    83.97548161120841,
    85.55166374781086,
    86.51488616462346,
    86.1646234676007,
    85.90192644483362,
    88.17863397548162,
    87.39054290718039,
    87.215411558669,
    88.79159369527146,
    87.65323992994746,
    89.66725043782837,
    88.70402802101576,
    90.01751313485114
  ],
  "best_val_acc": 90.01751313485114,
  "best_val_loss": 0.8625312530332141
}