{
  "epoch": 97,
  "train_losses": [
    1.5780993763499966,
    1.1604050039848353,
    1.0388543072238738,
    0.9752016861902894,
    0.9425883459767168,
    0.9328852384141995,
    0.9101355262286651,
    0.8996056826063084,
    0.8742764149846729,
    0.8736953267241873,
    0.8539039573931257,
    0.858514841007512,
    0.8661977625924616,
    0.8490102478549405,
    0.8376871426767993,
    0.836771833519769,
    0.8473521678300944,
    0.8272953124688984,
    0.8204979415542869,
    0.8203950002665528,
    0.8341380563036178,
    0.8102222010617248,
    0.8172887385189037,
    0.8130878238828726,
    0.8121033807760863,
    0.8110521683677064,
    0.7949686703983441,
    0.7978898782698366,
    0.809773435806871,
    0.7936777879116738,
    0.800780808965299,
    0.7886873318034282,
    0.7989561290986923,
    0.7971410461749491,
    0.7794197849346675,
    0.7839276791610654,
    0.79271401244273,
    0.7880672894777752,
    0.7898815354570969,
    0.778417442582808,
    0.7795568603445805,
    0.7875995377137538,
    0.7815775054068415,
    0.7848199417507787,
    0.7782700122295323,
    0.7750227790505636,
    0.7720065028615879,
    0.7732430216476643,
    0.7755872715332742,
    0.7715652888507494,
    0.7527073722909176,
    0.7459155826917703,
    0.7386594743974594,
    0.7454259621720147,
    0.7442751510964456,
    0.7493088785899856,
    0.7396554607718241,
    0.7445702939580958,
    0.740413346623819,
    0.7382609587342489,
    0.7351386227742606,
    0.7399294812746731,
    0.7412494383318452,
    0.7387184098040601,
    0.7410126827322504,
    0.7341262733876804,
    0.7428811664589233,
    0.7324569763835773,
    0.7240516929182157,
    0.7319083320915997,
    0.7290823680787237,
    0.731724537847046,
    0.724307794340835,
    0.727154941705618,
    0.7295050394911933,
    0.7281033804333349,
    0.7308540098282342,
    0.7257152605374125,
    0.7281278021720404,
    0.7293381827841583,
    0.7246099430788773,
    0.7215765284222493,
    0.7195796098764645,
    0.7264178930820522,
    0.7180950668409541,
    0.718434504383614,
    0.72060680796025,
    0.7215623945840781,
    0.7201597449585126,
    0.7231575638402916,
    0.7203662290350966,
    0.718008285255083,
    0.7221273307792359,
    0.7246185068084475,
    0.7230855031140434,
    0.7204829034908441,
    0.7130197710086422
  ],
  "val_losses": [
    1.3369926029397536,
    1.1865538742191108,
    1.1120541336000427,
    1.0646163858184519,
    1.0619566131007763,
    1.0269409847813984,
    1.0018000866091528,
    1.013701712900354,
    0.9893490621285845,
    0.993358059446941,
    1.0148860299310019,
    0.9913526625596276,
    0.9852283532305282,
    0.9548246176667916,
    0.9765469011410263,
    0.9745442788730296,
    0.959769277609596,
    0.9577759661415751,
    0.978130324404369,
    0.9571695715882057,
    0.9557325710621916,
    0.9912917475367702,
    0.965617553670277,
    0.9402521280355232,
    0.9522384146387263,
    0.9555072220720986,
    0.9496648829112682,
    0.944536217885424,
    0.9442235291466232,
    0.9265267183614332,
    0.9383550923924113,
    0.9324476825174435,
    0.9221223625101784,
    0.9406156105588573,
    0.9305272162422653,
    0.9331161324367967,
    0.9298083957775619,
    0.9304043327191079,
    0.9083872432856597,
    0.9170481331588686,
    0.938249644845031,
    0.966453914032426,
    0.9215417268664338,
    0.9265920870987944,
    0.9383887477623399,
    0.9248650771702907,
    0.932203471660614,
    0.9183819173842438,
    0.9344455350277036,
    0.9192264098529668,
    0.9073376660199128,
    0.9192964051120965,
    0.9050226553465969,
    0.9169837804727776,
    0.9136227531026501,
    0.8989091580228288,
    0.9172142115674278,
    0.9032029181487801,
    0.9128252138463102,
    0.9039803817290668,
    0.8995655793552251,
    0.9200590950574061,
    0.9072145440781764,
    0.9004371415737064,
    0.9061955943588138,
    0.9141235296116319,
    0.9121088690535967,
    0.8966637822084649,
    0.8978241132211315,
    0.8902930280034856,
    0.9005945740744125,
    0.8997933628947236,
    0.8999377216479575,
    0.8992166551508645,
    0.8994029764981233,
    0.8943929237912792,
    0.899718048498612,
    0.9027752696081649,
    0.8999394081359686,
    0.9003693553828453,
    0.904105917427891,
    0.8897794009179107,
    0.8989603191383125,
    0.8911422694376273,
    0.9002741833989935,
    0.8956628049066825,
    0.8922265296758607,
    0.9005756780158641,
    0.9043809240178544,
    0.8970822040424791,
    0.9017465548921925,
    0.8876836493957875,
    0.8995562001716259,
    0.8958169457524322,
    0.8961186233417008,
    0.8989784417226333,
    0.8911540207936782
  ],
  "train_accs": [
    57.293835901707624,
    76.2911286963765,
    81.15368596418159,
    83.8765097875885,
    85.49042065805914,
    86.52124114952103,
    87.25010412328197,
    88.0414410662224,
    89.67097042898793,
    89.83236151603498,
    90.13952519783423,
    90.78508954602249,
    90.65493544356518,
    91.15993336109955,
    91.8783840066639,
    92.28967097042899,
    92.10745522698875,
    92.753019575177,
    92.99250312369846,
    93.11224489795919,
    92.92482299042065,
    94.21595168679717,
    93.57038733860891,
    94.23157017909205,
    94.23677634319034,
    94.14306538942107,
    94.98125780924615,
    95.11661807580175,
    94.61162015826739,
    95.16867971678467,
    94.746980424823,
    95.37172011661808,
    94.91357767596834,
    95.68929612661391,
    95.77259475218659,
    95.8402748854644,
    95.6268221574344,
    95.93398583923366,
    96.00166597251145,
    96.40254060807996,
    96.38692211578508,
    96.02249062890462,
    95.91316118284048,
    95.92357351103706,
    96.48583923365264,
    96.35568513119533,
    96.54310703873387,
    96.27759266972095,
    96.59516867971678,
    96.76697209496044,
    97.43856726364015,
    97.84464806330695,
    98.01124531445231,
    97.71449396084965,
    97.93835901707622,
    97.90712203248647,
    98.00603915035401,
    97.8862973760933,
    98.12057476051645,
    98.00603915035401,
    98.01645147855061,
    97.91753436068305,
    98.02686380674719,
    98.21428571428571,
    98.07892544773011,
    98.12057476051645,
    98.12057476051645,
    98.45897542690545,
    98.7661391087047,
    98.68284048313203,
    98.77655143690129,
    98.73490212411495,
    98.81820074968763,
    98.85985006247397,
    98.6984589754269,
    98.87026239067055,
    98.89629321116202,
    98.95876718034152,
    98.81299458558934,
    98.87026239067055,
    98.84943773427739,
    98.94314868804665,
    99.00562265722616,
    99.10974593919201,
    99.08371511870054,
    99.01603498542273,
    99.22948771345273,
    99.16180758017492,
    99.12536443148689,
    99.10974593919201,
    99.14618908788005,
    99.17221990837152,
    99.08892128279884,
    99.19825072886297,
    99.08892128279884,
    99.22948771345273,
    99.30237401082883
  ],