{
  "epoch": 85,
  "train_losses": [
    1.582938260354173,
    1.1670213738759867,
    1.0582538653676883,
    1.016262139946508,
    0.9599034288249457,
    0.9458065715651162,
    0.9391553791376729,
    0.922082568509891,
    0.9053678327855973,
    0.9094810744824882,
    0.8743030057547573,
    0.8752632742872635,
    0.8837903973203116,
    0.859783010551343,
    0.8663344816468395,
    0.8550183083683538,
    0.8483247506542327,
    0.8560382327713525,
    0.8367891420190707,
    0.8409071028613435,
    0.8406492562149279,
    0.8384690577039322,
    0.8304645155374997,
    0.8234230744572112,
    0.8207974469128508,
    0.8211212053466529,
    0.822444036079291,
    0.813596284522797,
    0.8101301917824121,
    0.8182553742259455,
    0.8129253987782299,
    0.806801411100089,
    0.8078730173956472,
    0.8028064366346731,
    0.7989596821629582,
    0.7957654937673301,
    0.792573518836841,
    0.8058849786417172,
    0.8023857519078178,
    0.7780694713036473,
    0.7643583375996295,
    0.7716141379298493,
    0.7696026191353417,
    0.7603927130897206,
    0.7624689508169985,
    0.7609535060561122,
    0.7644718645479732,
    0.7643595396901091,
    0.7615796408523767,
    0.7616461319283555,
    0.7519322724197619,
    0.7512543944124216,
    0.754728956392017,
    0.7566390952553612,
    0.7514624439013271,
    0.7629968366874292,
    0.7553799110955705,
    0.7500432456453768,
    0.7559233426857299,
    0.756275800470346,
    0.7472538570055185,
    0.7498048072615371,
    0.7559785168772688,
    0.7509851469018589,
    0.7388507373416766,
    0.7426665407209732,
    0.7469029784583436,
    0.7394064400142755,
    0.7337410503302139,
    0.7415708486264506,
    0.7438997834825668,
    0.7394609459863303,
    0.7373136880870064,
    0.7375096527341837,
    0.7325091178234393,
    0.7360835452430164,
    0.7297668752198021,
    0.7313474468148935,
    0.7333109673981468,
    0.7290627010428486,
    0.7318945355689563,
    0.7272705277695823,
    0.7348182433710312,
    0.7280835624510488,
    0.7345315594071398
  ],
  "val_losses": [
    1.3632550497553242,
    1.2358816532946344,
    1.176942614921883,
    1.1325131868248555,
    1.0795896191205552,
    1.103344279883513,
    1.1186803641603953,
    1.036307229479747,
    1.0649488092358432,
    1.035247212915278,
    1.0467786811180968,
    1.0242676476934063,
    1.0127523505865639,
    1.0166498662820502,
    1.0035715045324012,
    1.000612381234098,
    1.0028104995613667,
    0.9900547025808647,
    0.9934342645887119,
    0.9887864571898731,
    0.9867325162709649,
    1.0116946376971345,
    0.9880225378185955,
    0.9790312318659541,
    0.9677790301059609,
    1.001165323737842,
    0.9850299518499801,
    0.9568550164130196,
    0.989380200852209,
    0.9693593431764574,
    0.9622388575504075,
    0.9806637216859789,
    0.9613815412592532,
    0.9943472213709532,
    0.9650543647915569,
    0.9575383494149393,
    0.9645602578547463,
    0.9658744940117224,
    0.9630318515336336,
    0.9321912024448167,
    0.9332469608356704,
    0.9399183543760385,
    0.9391138500242091,
    0.9360068951969716,
    0.9444331081945505,
    0.9304825957141706,
    0.9443306771676931,
    0.9367159164663571,
    0.942125082460802,
    0.9308733713271012,
    0.9320708032864243,
    0.9361428502780288,
    0.9233678561538013,
    0.9418822909469036,
    0.934433979774589,
    0.9376327084071601,
    0.9283347120925561,
    0.9384062930719176,
    0.9494658019115676,
    0.9473729529487553,
    0.9399512961729249,
    0.943703824014806,
    0.9395364758683674,
    0.928302557165943,
    0.9243528175709853,
    0.9130001423963859,
    0.9220567928321326,
    0.9161334277978584,
    0.9265923838117229,
    0.926070686596543,
    0.9331651218791506,
    0.9242173228690873,
    0.9248723792496012,
    0.9280301030002424,
    0.9344414245726457,
    0.9352354567442367,
    0.9264974709767014,
    0.9200461813763007,
    0.9149723884774678,
    0.9175361016793038,
    0.9237011012746327,
    0.9170160529328816,
    0.9300408634676862,
    0.9202994295020601,
    0.9212657480097529
  ],
  "train_accs": [
    58.907054647267636,
    77.07114644267787,
    81.78091095445228,
    82.82085895705215,
    86.08069596520174,
    86.89065546722664,
    87.03564821758913,
    87.71061446927654,
    89.75551222438878,
    89.41552922353883,
    91.06044697765111,
    91.2104394780261,
    90.71546422678865,
    92.37538123093846,
    92.23538823058847,
    92.54537273136343,
    93.18034098295085,
    92.99535023248838,
    93.67031648417579,
    93.6103194840258,
    93.79531023448827,
    94.13029348532574,
    93.91530423478827,
    94.3752812359382,
    94.62526873656317,
    94.54527273636319,
    94.70026498675067,
    95.13524323783811,
    95.34023298835058,
    94.96525173741313,
    94.4052797360132,
    95.31523423828808,
    95.64521773911305,
    95.54522273886306,
    96.03019849007549,
    96.03019849007549,
    96.0501974901255,
    96.17019149042548,
    96.09019549022548,
    97.11014449277536,
    97.35013249337533,
    97.5051247437628,
    97.39513024348783,
    97.72511374431278,
    97.5501224938753,
    97.5451227438628,
    97.77011149442528,
    97.81010949452528,
    97.87510624468777,
    97.89510524473776,
    98.22508874556272,
    98.13509324533773,
    98.00509974501274,
    98.11009449527523,
    98.14009299535023,
    98.15509224538773,
    98.07009649517524,
    98.20508974551272,
    98.13009349532524,
    98.08509574521274,
    98.23008849557522,
    98.00509974501274,
    98.19009049547523,
    98.18509074546273,
    98.4000799960002,
    98.64006799660017,
    98.72006399680016,
    98.69506524673767,
    98.83005849707514,
    98.79506024698765,
    98.85005749712515,
    98.81505924703765,
    98.71006449677516,
    98.87005649717514,
    98.90005499725014,
    98.90505474726264,
    98.88505574721263,
    99.06004699765012,
    99.16504174791261,
    99.13004349782511,
    99.07504624768761,
    99.1500424978751,
    99.1700414979251,
    99.2100394980251,
    99.2450377481126
  ],