{
  "epoch": 100,
  "train_losses": [
    1.8683195599538838,
    1.3431334359917098,
    1.2297308830443971,
    1.1652230513310005,
    1.123665654016826,
    1.0864024893966264,
    1.0486458618483858,
    0.9877236224934013,
    0.9554475770739024,
    0.9374471217572332,
    0.8928308387002545,
    0.8720833655602918,
    0.8624341673479823,
    0.843499076937487,
    0.8137543376334413,
    0.7962790088739223,
    0.779628274683467,
    0.7633350370172969,
    0.7717324406087042,
    0.7531165480613708,
    0.7499563462006118,
    0.7480702189628236,
    0.7328020359227757,
    0.7371774019595392,
    0.713157215875066,
    0.6947419714784908,
    0.6997897400113637,
    0.6988977607852684,
    0.699826638141792,
    0.6922853421308324,
    0.6989251660729596,
    0.7074962001360819,
    0.6781021306614676,
    0.6832273427597777,
    0.694623861484185,
    0.6999656889966862,
    0.6996301830171825,
    0.6928006535518669,
    0.693869808119928,
    0.6696449960777145,
    0.6694441162897441,
    0.6569762119276081,
    0.6727468881778375,
    0.6656304348014785,
    0.6814494596983858,
    0.6789931066021948,
    0.6513999903987268,
    0.6415252143037533,
    0.6484394430400369,
    0.6370821056251754,
    0.6358837628079032,
    0.6342677313410593,
    0.6345348982753868,
    0.6379575786476364,
    0.6387044391232336,
    0.6377064514302921,
    0.6350520738584553,
    0.6377590477109669,
    0.6389034408295226,
    0.6428461135504488,
    0.6398591152922122,
    0.6376087579898492,
    0.6356228675670966,
    0.6370942171462282,
    0.631115602875898,
    0.6278385009594306,
    0.626524858845922,
    0.6278982765660315,
    0.6284036515001765,
    0.6347614626684589,
    0.6271616827228113,
    0.6285328397493877,
    0.6280286619049347,
    0.625259218815558,
    0.6240205614866611,
    0.6225602401944692,
    0.6253263868257671,
    0.6244240942115555,
    0.624505595175806,
    0.6226748003217275,
    0.6226673779373397,
    0.6238767936558067,
    0.6252112588482702,
    0.6217268569740707,
    0.625185912240765,
    0.6219908363091018,
    0.6218272115656002,
    0.6196967299113016,
    0.6202594887710617,
    0.6201510871955734,
    0.6205153668711999,
    0.6181039278378744,
    0.6184300405536584,
    0.619491889448223,
    0.619286131359146,
    0.6184934063585933,
    0.6177895165489106,
    0.617758862272708,
    0.6172997444689631,
    0.6191365490416567
  ],
  "val_losses": [
    1.4451502793365054,
    1.2885952326986525,
    1.2431579679250717,
    1.1691686345471277,
    1.1657316039005916,
    1.1134754452440474,
    1.0940008511145909,
    1.0537252806954913,
    1.046403439508544,
    1.0084170781903796,
    0.9878646698262956,
    0.9599704245726267,
    0.9741895910766389,
    0.9436347468031777,
    0.8964090032709969,
    0.9367348535193337,
    0.9296559128496382,
    0.8929103828138776,
    0.8978015465868844,
    0.933201531569163,
    0.8801859087414212,
    0.9004568590058221,
    0.8687690993150076,
    0.8757097340292401,
    0.8625312530332141,
    0.8472856548097398,
    0.8768122096856436,
    0.9088751259777281,
    0.8749919533729553,
    0.8812331375148561,
    0.8640459047423469,
    0.8403308060434129,
    0.8501162098513709,
    0.8503250281016032,
    0.8355501956409879,
    0.893468502495024,
    0.8376407888200548,
    0.8450829750961728,
    0.8457469162013795,
    0.8407351341512468,
    0.8543464210298326,
    0.850838280386395,
    0.8776710960600111,
    0.8667169279522366,
    0.9184111820326911,
    0.8681847751140594,
    0.848716547091802,
    0.8687287138568031,
    0.8483307229148017,
    0.8089652823077308,
    0.8095132410526276,
    0.8116324808862474,
    0.8074444813860787,
    0.8220670405361388,
    0.8074778947565291,
    0.8131378673844867,
    0.8165855705738068,
    0.8242143160767026,
    0.8460293809572855,
    0.8198538339800305,
    0.8381545262204276,
    0.8319374803039763,
    0.8273971892065473,
    0.8182320892810822,
    0.8160509251885943,
    0.8051305727826225,
    0.8030115001731448,
    0.8004818260669708,
    0.8105789969364802,
    0.797874218887753,
    0.8127060118648741,
    0.800669487979677,
    0.8025700665182538,
    0.7962195972601572,
    0.799381790889634,
    0.805136039853096,
    0.8038156578938166,
    0.8120525744226244,
    0.8114195995860629,
    0.8082731399271224,
    0.8100846840275658,
    0.7989599290821288,
    0.8025009665224287,
    0.8023968736330668,
    0.8034132156107161,
    0.8080997748507394,
    0.8125055581331253,
    0.8003969771994485,
    0.8206024832195706,
    0.8021730962726805,
    0.7983768433332443,
    0.7990639242861006,
    0.8047318822807736,
    0.808022505707211,
    0.8025307357311249,
    0.8015089399284787,
    0.7989910758203931,
    0.8022194620635774,
    0.8016015373998218,
    0.8091633336411582
  ],
  "train_accs": [
    49.971852129855506,
    68.98104710076937,
    73.61606305122912,
    75.73653593544755,
    78.62638393694877,
    81.00957027584913,
    81.94783261399887,
    84.66879339463314,
    86.18877838243573,
    86.86432726590354,
    89.05986113717395,
    89.52899230624882,
    90.67367235879152,
    91.57440420341527,
    92.45637080127604,
    93.30080690561081,
    94.31413023081254,
    94.4454869581535,
    94.48301745167949,
    95.47757553011822,
    95.27115781572527,
    95.04597485456934,
    95.9279414524301,
    96.07806342653406,
    96.97879527115782,
    97.4103959467067,
    97.46669168699569,
    97.65434415462563,
    97.54175267404766,
    97.69187464815163,
    97.29780446612872,
    97.18521298555076,
    98.34865828485644,
    98.08594483017451,
    97.57928316757365,
    97.59804841433665,
    97.29780446612872,
    98.02964908988554,
    97.72940514167762,
    98.49878025896041,
    98.5550759992494,
    98.96791142803528,
    98.32989303809345,
    98.63013698630137,
    98.08594483017451,
    98.08594483017451,
    99.17432914242822,
    99.53086883092513,
    99.15556389566522,
    99.51210358416213,
    99.53086883092513,
    99.6246950647401,
    99.64346031150309,
    99.47457309063614,
    99.2681553762432,
    99.38074685682116,
    99.54963407768813,
    99.2681553762432,
    99.36198161005817,
    99.11803340213923,
    99.34321636329518,
    99.38074685682116,
    99.47457309063614,
    99.41827735034715,
    99.64346031150309,
    99.66222555826609,
    99.71852129855507,
    99.69975605179208,
    99.64346031150309,
    99.43704259711015,
    99.73728654531807,
    99.69975605179208,
    99.68099080502908,
    99.75605179208107,
    99.83111277913305,
    99.88740851942202,
    99.69975605179208,
    99.75605179208107,
    99.79358228560706,
    99.81234753237005,
    99.83111277913305,
    99.79358228560706,
    99.71852129855507,
    99.83111277913305,
    99.73728654531807,
    99.86864327265904,
    99.81234753237005,
    99.92493901294802,
    99.84987802589605,
    99.88740851942202,
    99.88740851942202,
    99.92493901294802,
    99.92493901294802,
    99.90617376618502,
    99.86864327265904,
    99.94370425971101,
    99.96246950647401,
    99.96246950647401,
    99.94370425971101,
    99.88740851942202
  ],