{
  "epoch": 60,
  "train_losses": [
    2.0607214911778766,
    1.4560313892364503,
    1.320092692375183,
    1.2313538853327433,
    1.2017428159713746,
    1.1429148062070211,
    1.1066919390360515,
    1.0616878795623779,
    1.0446559675534566,
    1.016793545881907,
    1.0404084006945291,
    1.0137075567245484,
    0.9610039456685384,
    0.9553117235501607,
    0.9275481216112773,
    0.9126586810747782,
    0.8836400977770488,
    0.8733099444707235,
    0.8535516921679179,
    0.832498193581899,
    0.8063575903574626,
    0.7952733119328816,
    0.7972004890441895,
    0.7703467305501303,
    0.7402308384577433,
    0.7644328967730204,
    0.7491410048802694,
    0.7585516905784607,
    0.7352417492866516,
    0.7281371744473776,
    0.7237324166297913,
    0.7199571760495503,
    0.7287939858436584,
    0.7302843952178955,
    0.7156891759236653,
    0.70546422402064,
    0.7093699828783671,
    0.6903534078598023,
    0.6884405008951823,
    0.6948979258537292,
    0.6864131911595662,
    0.6851937739054362,
    0.6962347865104676,
    0.7133681956926982,
    0.7356484667460124,
    0.711146948337555,
    0.7186285829544068,
    0.6979372096061707,
    0.6851347923278809,
    0.6787965941429138,
    0.6636830766995748,
    0.648882060845693,
    0.6556680647532145,
    0.6520756300290426,
    0.6690502103169759,
    0.6919206349054973,
    0.6673610782623292,
    0.6770599325497945,
    0.6728728739420573,
    0.6957599147160848
  ],
  "val_losses": [
    1.586916727178237,
    1.363215074819677,
    1.2842602940166699,
    1.206173854715684,
    1.2566791772842407,
    1.1429099756128647,
    1.144055310417624,
    1.1562494284966414,
    1.1240887606845182,
    1.0955087051672094,
    1.1006900703205782,
    1.0571940471144283,
    1.137390038546394,
    1.1483928771579968,
    1.1083895388771505,
    1.057324718026554,
    1.0294788865482105,
    1.010787876213298,
    1.0422028057715471,
    1.0007357001304626,
    1.022858623196097,
    0.9802191713277031,
    0.9854532234808978,
    0.9457869354416343,
    1.0329931939349455,
    1.0342689752578735,
    0.9729715375339284,
    1.0150785165674545,
    0.9922414807712331,
    0.9922170393607196,
    0.91779585796244,
    0.9669125886524425,
    0.9829321433516109,
    0.9789383516592138,
    0.9769697575008168,
    0.9379391144303715,
    0.9224065998021294,
    0.9642163409906275,
    0.9476600429591011,
    0.9567338508718154,
    0.9182301303919624,
    0.9073541339705972,
    0.9599935131914475,
    0.9649296683423659,
    1.0059182608828825,
    0.9817012828939101,
    0.9458406883127549,
    0.9692066732574912,
    0.9631402282153859,
    0.934273502405952,
    0.9075956099173602,
    0.8901334825684043,
    0.9313053488731384,
    0.8978817427859587,
    0.998222242383396,
    0.9346712512128493,
    0.9048322754747727,
    0.9529028254396775,
    1.0228027491008533,
    0.9750360075165244
  ],
  "train_accs": [
    44.16180150125104,
    65.80483736447039,
    70.51709758131777,
    74.56213511259382,
    75.68807339449542,
    78.27356130108424,
    78.85738115095913,
    80.94245204336947,
    81.73477898248541,
    83.73644703919933,
    82.69391159299416,
    82.98582151793161,
    85.4045037531276,
    85.77981651376147,
    87.61467889908256,
    88.28190158465388,
    89.6163469557965,
    90.20016680567139,
    91.57631359466222,
    92.0767306088407,
    93.20266889074229,
    93.11926605504587,
    93.45287739783153,
    94.78732276897415,
    96.37197664720601,
    94.78732276897415,
    96.20517097581318,
    95.20433694745621,
    96.45537948290242,
    96.3302752293578,
    96.70558798999166,
    96.99749791492911,
    96.2885738115096,
    96.45537948290242,
    97.24770642201835,
    97.41451209341118,
    97.12260216847373,
    97.91492910758966,
    97.91492910758966,
    97.91492910758966,
    98.37364470391994,
    98.08173477898248,
    97.70642201834862,
    96.83069224353628,
    96.3302752293578,
    96.99749791492911,
    96.49708090075063,
    97.581317764804,
    98.1234361968307,
    98.54045037531276,
    98.91576313594662,
    99.62468723936614,
    99.12427022518766,
    99.16597164303586,
    98.66555462885738,
    97.83152627189324,
    98.33194328607172,
    98.1234361968307,
    98.45704753961634,
    97.37281067556297
  ],
  "val_accs": [
    57.782101167315176,
    69.26070038910505,
    70.42801556420234,
    71.01167315175097,
    69.45525291828794,
    74.90272373540856,
    73.5408560311284,
    75.68093385214007,
    74.90272373540856,
    77.43190661478599,
    74.5136186770428,
    78.40466926070039,
    76.84824902723736,
    77.04280155642023,
    76.26459143968872,
    78.98832684824903,
    80.54474708171206,
    82.29571984435798,
    79.57198443579766,
    81.1284046692607,
    80.35019455252919,
    83.852140077821,
    81.71206225680933,
    83.65758754863813,
    79.1828793774319,
    78.98832684824903,
    82.68482490272373,
    82.29571984435798,
    85.60311284046692,
    81.71206225680933,
    85.01945525291829,
    85.40856031128405,
    84.24124513618678,
    83.46303501945525,
    82.29571984435798,
    85.40856031128405,
    84.8249027237354,
    84.63035019455253,
    84.43579766536965,
    83.46303501945525,
    85.40856031128405,
    86.57587548638132,
    85.21400778210116,
    84.43579766536965,
    83.46303501945525,
    85.01945525291829,
    85.40856031128405,
    85.99221789883268,
    86.38132295719845,
    87.54863813229572,
    86.57587548638132,
    87.7431906614786,
    85.99221789883268,
    88.13229571984436,
    83.852140077821,
    86.7704280155642,
    88.13229571984436,
    87.15953307392996,
    84.04669260700389,
    84.8249027237354
  ],
  "best_val_acc": 88.13229571984436,
  "best_val_loss": 0.8978817427859587
}