{
  "epoch": 15,
  "train_losses": [
    1.5780993763499966,
    1.1604050039848353,
    1.0388543072238738,
    0.9752016861902894,
    0.9425883459767168,
    0.9328852384141995,
    0.9101355262286651,
    0.8996056826063084,
    0.8742764149846729,
    0.8736953267241873,
    0.8539039573931257,
    0.858514841007512,
    0.8661977625924616,
    0.8490102478549405,
    0.8376871426767993
  ],
  "val_losses": [
    1.3369926029397536,
    1.1865538742191108,
    1.1120541336000427,
    1.0646163858184519,
    1.0619566131007763,
    1.0269409847813984,
    1.0018000866091528,
    1.013701712900354,
    0.9893490621285845,
    0.993358059446941,
    1.0148860299310019,
    0.9913526625596276,
    0.9852283532305282,
    0.9548246176667916,
    0.9765469011410263
  ],
  "train_accs": [
    57.293835901707624,
    76.2911286963765,
    81.15368596418159,
    83.8765097875885,
    85.49042065805914,
    86.52124114952103,
    87.25010412328197,
    88.0414410662224,
    89.67097042898793,
    89.83236151603498,
    90.13952519783423,
    90.78508954602249,
    90.65493544356518,
    91.15993336109955,
    91.8783840066639
  ],
  "val_accs": [
    72.71622934888241,
    79.93197278911565,
    80.5150631681244,
    83.6491739552964,
    82.04567541302235,
    84.7910592808552,
    87.07482993197279,
    86.88046647230321,
    87.77939747327503,
    87.26919339164237,
    88.022351797862,
    89.067055393586,
    89.91739552964043,
    89.23712342079689,
    90.3061224489796
  ],
  "best_val_acc": 90.3061224489796,
  "best_val_loss": 0.9765469011410263,
  "model_config": {
    "input_size": 78,
    "hidden_size": 128,
    "num_layers": 2,
    "dropout": 0.3,
    "bidirectional": true,
    "num_classes": 22,
    "sequence_length": 24,
    "stride": 2
  },
  "training_config": {
    "batch_size": 32,
    "learning_rate": 0.001,
    "weight_decay": 1e-05,
    "label_smoothing": 0.1,
    "short_movement_classes": [
      6,
      12,
      14,
      17
    ],
    "short_movement_weight_multiplier": 3.0
  },
  "num_classes": 22
}