{
  "epoch": 10,
  "train_losses": [
    1.582938260354173,
    1.1670213738759867,
    1.0582538653676883,
    1.016262139946508,
    0.9599034288249457,
    0.9458065715651162,
    0.9391553791376729,
    0.922082568509891,
    0.9053678327855973,
    0.9094810744824882
  ],
  "val_losses": [
    1.3632550497553242,
    1.2358816532946344,
    1.176942614921883,
    1.1325131868248555,
    1.0795896191205552,
    1.103344279883513,
    1.1186803641603953,
    1.036307229479747,
    1.0649488092358432,
    1.035247212915278
  ],
  "train_accs": [
    58.907054647267636,
    77.07114644267787,
    81.78091095445228,
    82.82085895705215,
    86.08069596520174,
    86.89065546722664,
    87.03564821758913,
    87.71061446927654,
    89.75551222438878,
    89.41552922353883
  ],
  "val_accs": [
    72.86514232384508,
    74.47503499766682,
    79.5380307979468,
    82.3845076994867,
    84.99766682221185,
    83.71441903873075,
    84.15772281847877,
    88.10079328044797,
    86.5142323845077,
    88.35744283714419
  ],
  "best_val_acc": 88.35744283714419,
  "best_val_loss": 1.035247212915278,
  "model_config": {
    "input_size": 78,
    "hidden_size": 128,
    "num_layers": 2,
    "dropout": 0.3,
    "bidirectional": true,
    "num_classes": 22,
    "sequence_length": 24,
    "stride": 2
  },
  "training_config": {
    "batch_size": 32,
    "learning_rate": 0.001,
    "weight_decay": 1e-05,
    "label_smoothing": 0.1,
    "short_movement_classes": [
      6,
      12,
      14,
      17
    ],
    "short_movement_weight_multiplier": 3.0
  },
  "num_classes": 22
}