{
  "epoch": 30,
  "train_losses": [
    1.582938260354173,
    1.1670213738759867,
    1.0582538653676883,
    1.016262139946508,
    0.9599034288249457,
    0.9458065715651162,
    0.9391553791376729,
    0.922082568509891,
    0.9053678327855973,
    0.9094810744824882,
    0.8743030057547573,
    0.8752632742872635,
    0.8837903973203116,
    0.859783010551343,
    0.8663344816468395,
    0.8550183083683538,
    0.8483247506542327,
    0.8560382327713525,
    0.8367891420190707,
    0.8409071028613435,
    0.8406492562149279,
    0.8384690577039322,
    0.8304645155374997,
    0.8234230744572112,
    0.8207974469128508,
    0.8211212053466529,
    0.822444036079291,
    0.813596284522797,
    0.8101301917824121,
    0.8182553742259455
  ],
  "val_losses": [
    1.3632550497553242,
    1.2358816532946344,
    1.176942614921883,
    1.1325131868248555,
    1.0795896191205552,
    1.103344279883513,
    1.1186803641603953,
    1.036307229479747,
    1.0649488092358432,
    1.035247212915278,
    1.0467786811180968,
    1.0242676476934063,
    1.0127523505865639,
    1.0166498662820502,
    1.0035715045324012,
    1.000612381234098,
    1.0028104995613667,
    0.9900547025808647,
    0.9934342645887119,
    0.9887864571898731,
    0.9867325162709649,
    1.0116946376971345,
    0.9880225378185955,
    0.9790312318659541,
    0.9677790301059609,
    1.001165323737842,
    0.9850299518499801,
    0.9568550164130196,
    0.989380200852209,
    0.9693593431764574
  ],
  "train_accs": [
    58.907054647267636,
    77.07114644267787,
    81.78091095445228,
    82.82085895705215,
    86.08069596520174,
    86.89065546722664,
    87.03564821758913,
    87.71061446927654,
    89.75551222438878,
    89.41552922353883,
    91.06044697765111,
    91.2104394780261,
    90.71546422678865,
    92.37538123093846,
    92.23538823058847,
    92.54537273136343,
    93.18034098295085,
    92.99535023248838,
    93.67031648417579,
    93.6103194840258,
    93.79531023448827,
    94.13029348532574,
    93.91530423478827,
    94.3752812359382,
    94.62526873656317,
    94.54527273636319,
    94.70026498675067,
    95.13524323783811,
    95.34023298835058,
    94.96525173741313
  ],
  "val_accs": [
    72.86514232384508,
    74.47503499766682,
    79.5380307979468,
    82.3845076994867,
    84.99766682221185,
    83.71441903873075,
    84.15772281847877,
    88.10079328044797,
    86.5142323845077,
    88.35744283714419,
    88.7074195053663,
    88.05412972468503,
    90.03733084461037,
    90.10732617825478,
    90.90060662622491,
    90.99393373775082,
    90.76061595893607,
    91.29724685020999,
    91.48390107326178,
    89.85067662155856,
    91.04059729351377,
    91.57722818478769,
    91.97386840877274,
    92.34717685487634,
    90.57396173588427,
    90.94727018198786,
    91.97386840877274,
    93.72375174988333,
    91.69388707419505,
    92.90713952403173
  ],
  "best_val_acc": 93.72375174988333,
  "best_val_loss": 0.9568550164130196,
  "model_config": {
    "input_size": 78,
    "hidden_size": 128,
    "num_layers": 2,
    "dropout": 0.3,
    "bidirectional": true,
    "num_classes": 22,
    "sequence_length": 24,
    "stride": 2
  },
  "training_config": {
    "batch_size": 32,
    "learning_rate": 0.001,
    "weight_decay": 1e-05,
    "label_smoothing": 0.1,
    "short_movement_classes": [
      6,
      12,
      14,
      17
    ],
    "short_movement_weight_multiplier": 3.0
  },
  "num_classes": 22
}